0;2021-01-01;33.52;108
1;2021-01-01;233.18;6631
2;2021-01-02;1913.12;4680
3;2021-01-03;3647.98;4770
4;2021-01-03;4514.98;8043
5;2021-01-03;191.95;8578
6;2021-01-03;1758.17;241
7;2021-01-03;921.96;8125
8;2021-01-03;1198.34;736
9;2021-01-03;378.03;2463
10;2021-01-04;3071.66;5198
11;2021-01-04;3412.06;2086
12;2021-01-04;2137.0;2921
13;2021-01-05;2929.28;4279
14;2021-01-05;3678.89;5103
15;2021-01-05;3032.41;1278
16;2021-01-06;4349.39;3911
17;2021-01-07;243.97;9628
18;2021-01-07;2472.61;1652
19;2021-01-07;1156.83;8051
20;2021-01-07;1179.69;5527
21;2021-01-08;1051.37;3323
22;2021-01-08;3772.22;3115
23;2021-01-08;2101.46;7627
24;2021-01-08;4979.69;3010
25;2021-01-09;4532.03;9067
26;2021-01-10;977.83;3779
27;2021-01-11;3545.77;3576
28;2021-01-11;3042.12;9788
29;2021-01-11;3659.22;6693
30;2021-01-12;2513.63;918
31;2021-01-12;3250.97;6156
32;2021-01-12;4059.59;9793
33;2021-01-12;524.12;772
34;2021-01-13;1124.96;8674
35;2021-01-13;2836.05;1704
36;2021-01-13;3205.9;7657
37;2021-01-13;2088.11;9846
38;2021-01-14;1633.13;582
39;2021-01-14;1879.15;9917
40;2021-01-14;2160.5;3850
41;2021-01-14;4184.41;233
42;2021-01-15;243.29;2803
43;2021-01-16;238.09;829
44;2021-01-16;4467.15;2855
45;2021-01-17;2578.34;3231
46;2021-01-18;2953.95;6530
47;2021-01-18;2061.33;1334
48;2021-01-19;1603.17;8926
49;2021-01-19;4130.95;6118
50;2021-01-20;1021.27;9717
51;2021-01-20;59.12;881
52;2021-01-20;1365.17;2540
53;2021-01-21;4390.01;1476
54;2021-01-21;3980.75;5720
55;2021-01-21;1238.49;2487
56;2021-01-22;123.82;1077
57;2021-01-22;245.62;3837
58;2021-01-23;4391.01;9833
59;2021-01-23;3300.02;3769
60;2021-01-23;4514.16;3601
61;2021-01-23;3441.89;46
62;2021-01-23;3074.7;9059
63;2021-01-23;2509.91;9982
64;2021-01-24;4587.08;6118
65;2021-01-24;1311.23;4897
66;2021-01-24;4111.83;3075
67;2021-01-26;2453.87;9698
68;2021-01-26;190.58;2763
69;2021-01-27;2109.94;8953
70;2021-01-27;4851.98;6173
71;2021-01-27;4609.09;8276
72;2021-01-28;881.27;1714
73;2021-01-28;1712.36;6308
74;2021-01-28;4272.4;2663
75;2021-01-28;656.0;4955
76;2021-01-28;1697.72;8355
77;2021-01-29;3704.86;224
78;2021-01-29;3750.18;9690
79;2021-01-29;4356.66;511
80;2021-01-29;3322.01;3034
81;2021-01-30;1016.85;2844
82;2021-01-30;3155.22;9545
83;2021-01-30;3861.33;8450
84;2021-01-30;4462.53;5021
85;2021-01-30;4668.27;1842
86;2021-01-31;1740.96;5211
87;2021-01-31;1719.86;2942
88;2021-02-01;456.59;5156
89;2021-02-01;2017.29;1338
90;2021-02-02;4160.29;5009
91;2021-02-02;45.32;2431
92;2021-02-02;1954.44;3558
93;2021-02-02;1778.81;4502
94;2021-02-03;4041.39;7231
95;2021-02-03;276.46;8405
96;2021-02-03;595.85;3830
97;2021-02-03;1604.82;7017
98;2021-02-03;2138.62;5754
99;2021-02-03;796.88;8646
100;2021-02-03;265.54;7216
101;2021-02-04;1052.66;2541
102;2021-02-05;3420.17;8884
103;2021-02-05;812.12;198
104;2021-02-05;117.45;31
105;2021-02-06;2126.85;6179
106;2021-02-06;3944.11;183
107;2021-02-07;1375.23;4434
108;2021-02-07;27.51;2593
109;2021-02-07;2062.4;9978
110;2021-02-08;4641.57;8577
111;2021-02-09;293.89;3942
112;2021-02-09;682.5;5864
113;2021-02-09;2636.53;2263
114;2021-02-11;4157.07;4626
115;2021-02-11;1963.09;3098
116;2021-02-11;1721.53;8997
117;2021-02-11;455.06;5319
118;2021-02-12;1231.59;2384
119;2021-02-12;4900.97;9631
120;2021-02-12;1690.16;5310
121;2021-02-13;3199.04;5476
122;2021-02-13;3566.86;6337
123;2021-02-13;708.26;4548
124;2021-02-14;3586.48;5627
125;2021-02-14;4616.22;7042
126;2021-02-14;3019.68;3764
127;2021-02-15;1455.21;2887
128;2021-02-16;3091.1;9092
129;2021-02-17;1780.05;4542
130;2021-02-17;1042.7;2122
131;2021-02-18;4609.2;7555
132;2021-02-18;1437.47;5307
133;2021-02-18;2217.76;3468
134;2021-02-18;2542.43;2527
135;2021-02-19;4716.2;2333
136;2021-02-19;1774.4;4436
137;2021-02-19;1443.82;942
138;2021-02-20;4465.54;3000
139;2021-02-21;219.22;3797
140;2021-02-21;804.21;9871
141;2021-02-22;3441.11;8960
142;2021-02-22;1628.31;6338
143;2021-02-22;3367.38;6060
144;2021-02-22;4138.28;8052
145;2021-02-22;2886.02;6813
146;2021-02-23;4896.28;3385
147;2021-02-23;3195.79;1737
148;2021-02-23;2186.25;509
149;2021-02-24;2672.24;3871
150;2021-02-24;3454.58;9324
151;2021-02-24;1976.67;8533
152;2021-02-24;3328.23;6192
153;2021-02-24;907.56;2051
154;2021-02-24;1024.77;1388
155;2021-02-24;1279.73;8728
156;2021-02-24;4574.53;1405
157;2021-02-25;3794.78;8727
158;2021-02-25;95.27;7899
159;2021-02-25;4549.0;9492
160;2021-02-26;433.6;5962
161;2021-02-26;3612.34;5663
162;2021-02-26;3318.82;6874
163;2021-02-27;3830.11;7698
164;2021-02-27;467.13;2947
165;2021-02-27;4658.37;3793
166;2021-02-27;2672.9;7454
167;2021-02-28;4501.7;2675
168;2021-02-28;1650.05;8638
169;2021-02-28;1368.98;3030
170;2021-02-28;1164.62;9084
171;2021-02-28;213.14;9036
172;2021-02-28;4610.31;5800
173;2021-02-28;3078.48;5809
174;2021-02-28;619.31;6414
175;2021-03-01;3395.37;2586
176;2021-03-01;3301.0;7646
177;2021-03-02;4155.42;1122
178;2021-03-02;3098.05;1243
179;2021-03-02;3551.77;3690
180;2021-03-02;1019.91;5370
181;2021-03-02;1350.43;8627
182;2021-03-02;685.4;5329
183;2021-03-03;437.23;6058
184;2021-03-03;2671.34;4692
185;2021-03-03;4540.4;2367
186;2021-03-03;4633.11;2199
187;2021-03-05;656.89;5710
188;2021-03-05;4782.68;7979
189;2021-03-06;4449.48;1335
190;2021-03-06;1302.42;2387
191;2021-03-06;3954.05;5393
192;2021-03-07;3163.25;5624
193;2021-03-07;3489.21;7705
194;2021-03-07;4849.85;6431
195;2021-03-07;4320.74;5929
196;2021-03-08;2136.42;5846
197;2021-03-08;3041.8;4381
198;2021-03-09;3403.37;1483
199;2021-03-09;25.02;5799
200;2021-03-09;620.9;5384
201;2021-03-09;1504.13;5185
202;2021-03-10;1323.59;7626
203;2021-03-10;1386.02;5782
204;2021-03-10;854.72;7080
205;2021-03-10;1735.2;3000
206;2021-03-11;913.56;8030
207;2021-03-11;1077.34;5317
208;2021-03-11;4143.63;8314
209;2021-03-11;1021.08;2776
210;2021-03-12;3487.16;386
211;2021-03-13;2595.96;2671
212;2021-03-14;2206.22;6573
213;2021-03-14;1106.08;4230
214;2021-03-16;2754.8;7769
215;2021-03-16;893.21;8121
216;2021-03-16;2432.14;1098
217;2021-03-16;2852.11;904
218;2021-03-16;784.52;2765
219;2021-03-17;2113.17;4564
220;2021-03-17;988.86;779
221;2021-03-17;1924.61;9223
222;2021-03-17;3845.77;521
223;2021-03-18;4269.2;5915
224;2021-03-18;1695.57;9045
225;2021-03-18;4098.46;1677
226;2021-03-19;450.38;7061
227;2021-03-19;2003.8;4506
228;2021-03-19;1467.08;1103
229;2021-03-19;851.06;3172
230;2021-03-19;4362.01;2128
231;2021-03-20;562.09;5205
232;2021-03-20;1358.48;6669
233;2021-03-20;4195.12;9675
234;2021-03-20;25.43;6620
235;2021-03-23;2309.99;2820
236;2021-03-23;4320.12;3577
237;2021-03-24;2757.96;8546
238;2021-03-24;4105.99;4119
239;2021-03-24;3440.42;1367
240;2021-03-24;2733.68;7882
241;2021-03-24;12.38;5126
242;2021-03-25;1078.35;6625
243;2021-03-25;2699.01;1458
244;2021-03-25;4563.05;7669
245;2021-03-26;1525.01;8433
246;2021-03-26;475.28;4212
247;2021-03-27;3626.25;8523
248;2021-03-27;3138.71;3937
249;2021-03-27;1568.87;3262
250;2021-03-28;4822.08;7215
251;2021-03-28;3629.64;4741
252;2021-03-28;4898.08;5732
253;2021-03-28;552.33;7955
254;2021-03-28;3714.11;9919
255;2021-03-29;2289.72;4095
256;2021-03-30;4765.31;1506
257;2021-03-30;3600.91;565
258;2021-03-30;3903.53;4897
259;2021-03-31;4337.38;4697
260;2021-03-31;176.85;7780
261;2021-03-31;116.48;9788
262;2021-03-31;667.86;183
263;2021-03-31;1649.68;8170
264;2021-04-01;4597.82;6400
265;2021-04-02;4831.47;2094
266;2021-04-03;4492.05;1478
267;2021-04-03;2471.96;6831
268;2021-04-04;1363.02;1888
269;2021-04-04;214.56;750
270;2021-04-04;198.77;1628
271;2021-04-06;1913.07;9978
272;2021-04-06;2716.66;6580
273;2021-04-06;2053.74;7845
274;2021-04-07;3152.31;1760
275;2021-04-07;1610.06;8249
276;2021-04-08;4135.01;7426
277;2021-04-08;1295.21;3699
278;2021-04-09;4299.83;5880
279;2021-04-09;462.01;698
280;2021-04-09;812.11;6769
281;2021-04-09;1760.85;6358
282;2021-04-09;962.23;3230
283;2021-04-10;218.21;2086
284;2021-04-10;4387.26;9814
285;2021-04-10;4779.84;1608
286;2021-04-10;483.72;3750
287;2021-04-10;2330.63;3937
288;2021-04-10;1529.02;4608
289;2021-04-11;3452.46;7892
290;2021-04-11;1222.22;2131
291;2021-04-12;3707.98;9433
292;2021-04-13;4946.51;4816
293;2021-04-13;2625.3;8004
294;2021-04-13;2262.19;743
295;2021-04-13;1459.23;8377
296;2021-04-13;4179.68;5520
297;2021-04-14;4670.62;5661
298;2021-04-15;2160.47;2807
299;2021-04-15;1842.17;7583
300;2021-04-16;3773.25;395
301;2021-04-16;1699.05;1048
302;2021-04-17;3741.23;8945
303;2021-04-17;1654.57;2185
304;2021-04-17;1871.83;4558
305;2021-04-17;2578.3;946
306;2021-04-17;1182.37;9918
307;2021-04-18;309.85;555
308;2021-04-18;1957.56;6399
309;2021-04-19;321.74;8638
310;2021-04-19;2926.28;4734
311;2021-04-19;1247.98;284
312;2021-04-20;639.29;7727
313;2021-04-20;1446.61;8493
314;2021-04-21;810.62;2853
315;2021-04-21;3321.19;2989
316;2021-04-21;4133.31;9957
317;2021-04-22;1401.86;7124
318;2021-04-22;4181.82;7247
319;2021-04-23;172.29;1117
320;2021-04-24;4859.69;8581
321;2021-04-24;870.12;5519
322;2021-04-24;1583.85;1912
323;2021-04-25;4905.19;405
324;2021-04-25;965.01;4677
325;2021-04-25;3162.84;2024
326;2021-04-25;1487.7;833
327;2021-04-26;1393.44;2368
328;2021-04-26;638.45;1325
329;2021-04-27;3324.7;9146
330;2021-04-28;1359.54;2881
331;2021-04-28;4114.86;65
332;2021-04-30;3026.16;7129
333;2021-04-30;2253.05;3322
334;2021-05-01;3773.47;2655
335;2021-05-02;4537.09;7019
336;2021-05-02;2043.51;7586
337;2021-05-02;2486.16;2734
338;2021-05-03;867.64;9778
339;2021-05-04;3945.86;9912
340;2021-05-05;3262.01;9505
341;2021-05-05;2751.63;2530
342;2021-05-05;3007.66;7065
343;2021-05-06;1804.46;4669
344;2021-05-06;2688.46;3385
345;2021-05-06;4733.97;2414
346;2021-05-07;3880.95;1967
347;2021-05-07;462.51;2671
348;2021-05-07;1047.34;8380
349;2021-05-07;1579.38;9648
350;2021-05-08;1792.57;3665
351;2021-05-08;4555.48;76
352;2021-05-09;1211.68;9608
353;2021-05-09;397.44;922
354;2021-05-10;4941.46;309
355;2021-05-10;1830.97;1840
356;2021-05-10;420.29;1428
357;2021-05-11;657.39;1944
358;2021-05-11;3407.86;1061
359;2021-05-11;1059.0;2989
360;2021-05-11;4523.05;781
361;2021-05-11;3574.17;2887
362;2021-05-12;4717.55;1713
363;2021-05-13;3451.93;9952
364;2021-05-13;3414.77;234
365;2021-05-13;3507.84;8767
366;2021-05-13;2436.62;2
367;2021-05-13;226.41;5299
368;2021-05-14;817.68;9649
369;2021-05-14;805.44;1958
370;2021-05-15;943.13;4652
371;2021-05-15;3429.07;7862
372;2021-05-15;4220.25;6850
373;2021-05-15;717.28;6731
374;2021-05-15;4983.38;9482
375;2021-05-15;81.4;4407
376;2021-05-16;2651.4;8764
377;2021-05-16;3627.96;7737
378;2021-05-16;1767.61;9663
379;2021-05-16;265.04;4882
380;2021-05-18;3832.23;5335
381;2021-05-18;2525.96;288
382;2021-05-18;1188.59;251
383;2021-05-18;3413.55;6758
384;2021-05-19;4035.79;4266
385;2021-05-20;4012.43;6210
386;2021-05-21;4812.02;700
387;2021-05-21;695.15;8528
388;2021-05-22;2739.66;5304
389;2021-05-22;4827.93;4011
390;2021-05-22;3344.87;7994
391;2021-05-22;2187.82;179
392;2021-05-23;2623.26;7492
393;2021-05-24;4419.89;271
394;2021-05-25;4204.73;7433
395;2021-05-25;426.21;8617
396;2021-05-26;4537.66;7364
397;2021-05-27;3377.77;7973
398;2021-05-28;2032.78;366
399;2021-05-28;3192.68;7271
400;2021-05-28;3091.95;7370
401;2021-05-28;3986.76;1150
402;2021-05-29;3472.83;5316
403;2021-05-29;3418.99;1607
404;2021-05-29;631.5;1718
405;2021-05-29;740.6;13
406;2021-05-29;3471.21;2470
407;2021-05-29;3468.63;8189
408;2021-05-31;2523.52;4732
409;2021-05-31;1135.87;7739
410;2021-06-02;3221.9;5413
411;2021-06-02;3633.3;6691
412;2021-06-03;2186.17;413
413;2021-06-04;4199.35;6977
414;2021-06-04;3244.13;8761
415;2021-06-04;3345.87;2134
416;2021-06-04;1563.39;6548
417;2021-06-05;3652.36;1592
418;2021-06-05;3567.47;7694
419;2021-06-05;947.33;9737
420;2021-06-06;2911.31;8468
421;2021-06-06;2189.81;8935
422;2021-06-06;1289.19;4658
423;2021-06-07;240.55;7937
424;2021-06-07;2257.89;3955
425;2021-06-07;1721.89;700
426;2021-06-07;2788.4;6600
427;2021-06-08;38.18;7104
428;2021-06-08;4172.25;4539
429;2021-06-08;4028.62;8408
430;2021-06-09;2622.4;3197
431;2021-06-10;2711.64;279
432;2021-06-10;2812.34;9527
433;2021-06-10;2514.57;8618
434;2021-06-10;4061.43;8879
435;2021-06-10;2465.09;4246
436;2021-06-10;1180.48;9838
437;2021-06-10;4452.6;6291
438;2021-06-11;3320.06;2789
439;2021-06-11;1274.48;5550
440;2021-06-11;2169.42;8398
441;2021-06-12;4291.01;3937
442;2021-06-12;4179.09;2987
443;2021-06-12;4267.45;4712
444;2021-06-12;4075.52;3709
445;2021-06-13;2323.49;1529
446;2021-06-13;1633.67;8874
447;2021-06-13;2536.37;2001
448;2021-06-13;1557.42;6034
449;2021-06-13;2788.21;3408
450;2021-06-13;3485.29;1216
451;2021-06-14;3063.44;4376
452;2021-06-14;3061.73;3749
453;2021-06-14;4696.56;2769
454;2021-06-14;4236.47;9547
455;2021-06-15;1885.01;1616
456;2021-06-15;83.93;9747
457;2021-06-15;2994.66;5397
458;2021-06-17;2344.12;6826
459;2021-06-17;4486.84;1529
460;2021-06-17;1475.59;7
461;2021-06-17;1632.69;1863
462;2021-06-17;4509.32;2389
463;2021-06-18;315.55;270
464;2021-06-18;867.0;6754
465;2021-06-18;4975.76;3812
466;2021-06-18;3158.54;2480
467;2021-06-19;3892.99;8042
468;2021-06-20;1854.81;7241
469;2021-06-20;3417.08;839
470;2021-06-20;2178.31;2023
471;2021-06-21;3293.51;8661
472;2021-06-21;3796.48;9570
473;2021-06-21;2174.81;1147
474;2021-06-21;1389.23;3348
475;2021-06-22;1012.36;947
476;2021-06-22;4775.13;6569
477;2021-06-22;127.55;4093
478;2021-06-22;4480.67;298
479;2021-06-23;3715.63;6684
480;2021-06-23;950.53;8773
481;2021-06-23;1540.16;2498
482;2021-06-23;3558.58;3867
483;2021-06-25;3998.29;8280
484;2021-06-25;801.47;6152
485;2021-06-26;2064.44;7038
486;2021-06-26;1700.45;3171
487;2021-06-26;1360.35;7105
488;2021-06-27;1193.42;6126
489;2021-06-27;3621.93;6006
490;2021-06-27;4065.37;1096
491;2021-06-27;2560.64;8790
492;2021-06-28;3280.12;6850
493;2021-06-29;2944.89;8111
494;2021-06-29;1182.15;9166
495;2021-06-30;3155.53;396
496;2021-06-30;4045.16;9825
497;2021-06-30;2035.25;5996
498;2021-06-30;3132.88;711
499;2021-06-30;1488.51;6041
500;2021-07-01;3765.66;417
501;2021-07-01;1035.9;1742
502;2021-07-01;761.74;9859
503;2021-07-01;2717.22;9493
504;2021-07-01;3848.36;392
505;2021-07-01;4421.96;9092
506;2021-07-02;2334.55;7356
507;2021-07-02;2981.38;3618
508;2021-07-03;4750.99;847
509;2021-07-03;349.41;8854
510;2021-07-03;3892.32;1903
511;2021-07-04;3209.42;7602
512;2021-07-04;2100.25;6159
513;2021-07-04;1068.35;5892
514;2021-07-05;1276.02;7778
515;2021-07-06;707.22;3091
516;2021-07-06;3437.79;3575
517;2021-07-07;2003.19;7867
518;2021-07-07;1068.8;5585
519;2021-07-08;1181.64;7669
520;2021-07-08;1450.36;2664
521;2021-07-08;1199.39;9406
522;2021-07-08;2337.94;177
523;2021-07-08;3999.34;2878
524;2021-07-09;462.9;3217
525;2021-07-09;2186.07;4130
526;2021-07-10;3340.01;3930
527;2021-07-10;3988.2;3485
528;2021-07-10;530.71;109
529;2021-07-10;275.73;6743
530;2021-07-11;2116.88;3449
531;2021-07-11;2536.42;6882
532;2021-07-11;1282.26;4274
533;2021-07-12;4453.19;7142
534;2021-07-12;2852.67;9812
535;2021-07-12;3260.57;4031
536;2021-07-12;752.9;1479
537;2021-07-12;3010.48;2166
538;2021-07-13;3428.34;3577
539;2021-07-15;4405.08;3895
540;2021-07-15;4834.22;8343
541;2021-07-17;11.11;1744
542;2021-07-17;4120.23;4058
543;2021-07-18;4898.1;8441
544;2021-07-18;1325.1;1334
545;2021-07-18;560.32;9545
546;2021-07-19;4891.27;1042
547;2021-07-19;3840.14;4997
548;2021-07-19;2120.37;408
549;2021-07-19;567.92;1673
550;2021-07-20;1780.43;8125
551;2021-07-20;2015.09;4135
552;2021-07-21;2504.88;440
553;2021-07-21;2127.69;5632
554;2021-07-21;4616.1;6646
555;2021-07-22;349.69;7409
556;2021-07-22;1444.91;2579
557;2021-07-22;2619.68;758
558;2021-07-22;4538.15;8793
559;2021-07-24;3878.06;4749
560;2021-07-24;276.71;7011
561;2021-07-24;382.84;4022
562;2021-07-24;4211.12;5686
563;2021-07-24;1467.38;1146
564;2021-07-25;4572.96;7412
565;2021-07-26;1906.74;3086
566;2021-07-27;2294.99;7173
567;2021-07-27;1550.72;7135
568;2021-07-27;1007.96;1290
569;2021-07-27;239.16;1170
570;2021-07-28;1253.78;8896
571;2021-07-28;827.38;4076
572;2021-07-28;1966.68;8919
573;2021-07-28;349.82;1064
574;2021-07-30;22.22;9314
575;2021-07-30;4993.51;684
576;2021-07-31;2673.44;5693
577;2021-07-31;1691.56;6018
578;2021-07-31;3176.27;2860
579;2021-08-01;3948.27;4566
580;2021-08-02;4562.16;722
581;2021-08-03;307.55;3814
582;2021-08-03;359.58;9279
583;2021-08-03;2119.41;7362
584;2021-08-04;1201.69;1247
585;2021-08-04;4151.25;7001
586;2021-08-04;42.02;8906
587;2021-08-05;1893.99;9499
588;2021-08-05;1963.1;744
589;2021-08-05;2767.32;4330
590;2021-08-05;3383.81;9986
591;2021-08-06;1862.12;7708
592;2021-08-06;4236.98;9801
593;2021-08-06;2516.3;1272
594;2021-08-06;1461.78;2522
595;2021-08-07;766.97;4611
596;2021-08-07;1221.62;8802
597;2021-08-08;4788.07;883
598;2021-08-08;4446.28;7135
599;2021-08-09;3171.27;8022
600;2021-08-09;136.35;3111
601;2021-08-09;851.36;4241
602;2021-08-10;4756.8;1982
603;2021-08-11;3144.16;9465
604;2021-08-11;95.39;5412
605;2021-08-11;3610.28;5871
606;2021-08-12;1284.01;4090
607;2021-08-12;2375.76;1634
608;2021-08-12;193.75;1417
609;2021-08-13;1809.26;6362
610;2021-08-13;3971.24;6987
611;2021-08-15;4186.5;1677
612;2021-08-15;4507.57;3556
613;2021-08-15;3172.05;874
614;2021-08-16;2856.19;9333
615;2021-08-16;1188.65;9981
616;2021-08-16;3995.44;4129
617;2021-08-16;2632.75;6247
618;2021-08-16;3116.81;7446
619;2021-08-16;2634.27;7948
620;2021-08-16;3292.27;1433
621;2021-08-17;60.64;6677
622;2021-08-17;3420.62;147
623;2021-08-18;1013.32;9824
624;2021-08-18;1220.16;2169
625;2021-08-19;4304.24;431
626;2021-08-19;2296.1;9363
627;2021-08-19;1294.16;3931
628;2021-08-20;1134.3;8713
629;2021-08-20;3126.94;6867
630;2021-08-20;373.41;4933
631;2021-08-21;696.17;8660
632;2021-08-21;4799.14;5629
633;2021-08-21;2006.95;7462
634;2021-08-21;4922.02;8791
635;2021-08-22;2200.2;4099
636;2021-08-22;1410.11;289
637;2021-08-22;3047.08;1080
638;2021-08-23;3821.87;4300
639;2021-08-23;4139.76;7098
640;2021-08-23;3200.36;9088
641;2021-08-23;43.52;4828
642;2021-08-23;2050.98;2100
643;2021-08-24;3372.62;959
644;2021-08-24;241.08;8902
645;2021-08-25;1600.81;1430
646;2021-08-25;4296.49;924
647;2021-08-26;2701.09;2177
648;2021-08-26;4639.73;6605
649;2021-08-26;395.74;9348
650;2021-08-26;3822.79;9083
651;2021-08-26;2241.36;1468
652;2021-08-27;186.22;162
653;2021-08-27;3404.15;1496
654;2021-08-28;3147.92;4544
655;2021-08-29;250.1;4965
656;2021-08-30;766.96;2599
657;2021-08-30;1865.03;6014
658;2021-08-30;2955.77;6985
659;2021-08-30;2752.51;5461
660;2021-08-30;3675.18;8096
661;2021-08-31;1486.13;6303
662;2021-08-31;1054.07;7671
663;2021-09-01;301.27;1718
664;2021-09-01;1165.45;6736
665;2021-09-01;3398.48;479
666;2021-09-01;3605.77;5688
667;2021-09-02;1961.72;2769
668;2021-09-02;4669.43;7017
669;2021-09-02;4230.58;9681
670;2021-09-02;4755.69;457
671;2021-09-03;149.69;4228
672;2021-09-04;4358.57;1577
673;2021-09-04;2465.8;6003
674;2021-09-05;1149.62;6807
675;2021-09-05;1520.68;5831
676;2021-09-06;2274.17;1953
677;2021-09-06;4874.7;8443
678;2021-09-06;1126.21;4216
679;2021-09-08;1164.02;7325
680;2021-09-08;4348.53;8706
681;2021-09-08;677.71;6244
682;2021-09-09;2005.79;9475
683;2021-09-09;2789.47;5601
684;2021-09-09;2371.53;6840
685;2021-09-09;696.76;924
686;2021-09-09;3376.92;4509
687;2021-09-09;3959.93;8424
688;2021-09-09;3655.35;5096
689;2021-09-09;4243.95;9684
690;2021-09-10;121.31;233
691;2021-09-10;4868.02;3672
692;2021-09-10;3856.24;6647
693;2021-09-10;847.6;2134
694;2021-09-10;2161.21;1915
695;2021-09-10;4285.89;5850
696;2021-09-10;4298.34;3909
697;2021-09-11;192.76;1423
698;2021-09-12;207.02;5479
699;2021-09-12;2976.91;9025
700;2021-09-12;962.38;1579
701;2021-09-13;2235.75;7985
702;2021-09-14;4824.24;8827
703;2021-09-15;439.52;9958
704;2021-09-15;4342.52;5623
705;2021-09-15;515.26;6095
706;2021-09-16;1812.32;9741
707;2021-09-17;4039.46;1267
708;2021-09-18;2577.25;483
709;2021-09-18;3969.95;6600
710;2021-09-18;993.43;3416
711;2021-09-18;4339.8;4337
712;2021-09-19;1248.13;2211
713;2021-09-19;3736.73;6084
714;2021-09-20;532.56;6935
715;2021-09-20;57.04;3499
716;2021-09-20;3012.78;7232
717;2021-09-20;2203.29;3088
718;2021-09-21;3265.54;9521
719;2021-09-21;190.2;8862
720;2021-09-21;1240.3;887
721;2021-09-21;1367.59;3526
722;2021-09-21;4595.4;7841
723;2021-09-22;4626.79;5086
724;2021-09-23;1821.72;5611
725;2021-09-23;817.64;6208
726;2021-09-23;2963.05;7791
727;2021-09-24;1528.8;3074
728;2021-09-24;4523.79;1881
729;2021-09-25;2933.9;2456
730;2021-09-25;1826.89;9608
731;2021-09-25;1839.4;8847
732;2021-09-25;1660.13;8664
733;2021-09-27;2261.8;2088
734;2021-09-28;1019.56;3359
735;2021-09-28;3401.29;9608
736;2021-09-28;1403.68;7211
737;2021-09-28;4032.49;5525
738;2021-09-28;4729.0;372
739;2021-09-29;2484.35;1752
740;2021-09-29;3040.22;3217
741;2021-10-01;3948.21;384
742;2021-10-01;1509.49;5623
743;2021-10-02;221.79;2671
744;2021-10-02;1439.84;5710
745;2021-10-03;1596.09;9963
746;2021-10-03;4607.06;2922
747;2021-10-03;4865.91;5917
748;2021-10-04;2186.88;9016
749;2021-10-04;4134.18;1681
750;2021-10-04;3314.16;6674
751;2021-10-04;4879.62;1133
752;2021-10-06;4979.1;4484
753;2021-10-06;2056.34;8191
754;2021-10-06;739.33;5623
755;2021-10-06;2988.34;6158
756;2021-10-07;3918.29;849
757;2021-10-07;2590.5;9308
758;2021-10-08;2672.56;5742
759;2021-10-08;533.56;7265
760;2021-10-08;1844.65;3080
761;2021-10-10;1759.52;59
762;2021-10-11;3905.58;2790
763;2021-10-11;303.29;9623
764;2021-10-12;3834.5;636
765;2021-10-12;2078.7;380
766;2021-10-12;1273.54;3102
767;2021-10-13;4732.01;9970
768;2021-10-13;4209.51;823
769;2021-10-13;1996.46;5174
770;2021-10-14;2636.77;6464
771;2021-10-14;3248.41;4851
772;2021-10-14;4807.04;1578
773;2021-10-15;2237.23;8308
774;2021-10-15;4113.12;1559
775;2021-10-17;3521.7;9989
776;2021-10-17;3881.97;9316
777;2021-10-17;4549.9;1675
778;2021-10-17;2402.51;660
779;2021-10-18;4845.64;7350
780;2021-10-18;4685.64;7156
781;2021-10-18;4031.17;6839
782;2021-10-19;3106.37;5399
783;2021-10-20;556.05;4142
784;2021-10-20;4071.29;7160
785;2021-10-20;2619.32;6363
786;2021-10-20;2632.07;1929
787;2021-10-20;3726.6;7520
788;2021-10-20;3080.94;1147
789;2021-10-20;4198.24;2126
790;2021-10-21;2103.87;3100
791;2021-10-21;3553.55;8332
792;2021-10-21;2631.29;3932
793;2021-10-21;4317.66;1644
794;2021-10-22;4488.72;4444
795;2021-10-22;2054.93;8038
796;2021-10-22;4479.19;2061
797;2021-10-22;1047.15;4217
798;2021-10-22;4591.1;1421
799;2021-10-22;1621.69;3935
800;2021-10-24;910.96;5122
801;2021-10-24;415.3;4233
802;2021-10-25;2132.08;9536
803;2021-10-25;2447.02;4902
804;2021-10-26;1319.22;7855
805;2021-10-26;3346.81;4575
806;2021-10-26;3718.13;5063
807;2021-10-27;3786.88;8908
808;2021-10-28;286.85;3182
809;2021-10-28;4368.35;5889
810;2021-10-28;3555.53;791
811;2021-10-29;727.86;6575
812;2021-10-29;4921.43;4667
813;2021-10-30;769.11;4234
814;2021-10-30;3720.05;2274
815;2021-10-30;2179.15;8014
816;2021-10-31;576.58;4125
817;2021-10-31;1220.62;1280
818;2021-10-31;3884.26;6525
819;2021-11-01;2775.65;1379
820;2021-11-01;746.95;9585
821;2021-11-01;1941.24;3603
822;2021-11-02;4348.14;3517
823;2021-11-04;3642.24;8401
824;2021-11-04;183.68;2960
825;2021-11-04;1591.36;1580
826;2021-11-04;1205.5;7565
827;2021-11-04;16.2;4163
828;2021-11-04;975.53;8546
829;2021-11-04;1022.88;398
830;2021-11-05;2701.13;9262
831;2021-11-05;4097.76;1166
832;2021-11-05;2237.33;6957
833;2021-11-06;1245.37;1124
834;2021-11-06;2521.43;6234
835;2021-11-06;4114.62;9815
836;2021-11-06;1530.38;7289
837;2021-11-07;1654.7;3931
838;2021-11-07;4629.13;1438
839;2021-11-07;2228.21;4018
840;2021-11-07;4721.83;4009
841;2021-11-08;3356.7;3527
842;2021-11-08;1698.23;7809
843;2021-11-08;1010.82;5003
844;2021-11-09;4936.37;6109
845;2021-11-09;3760.67;2245
846;2021-11-09;4723.55;7884
847;2021-11-09;917.74;8419
848;2021-11-09;1519.31;9752
849;2021-11-10;1048.55;9172
850;2021-11-12;314.13;34
851;2021-11-13;3812.72;5443
852;2021-11-13;4621.41;9998
853;2021-11-13;2590.12;5239
854;2021-11-13;39.65;8738
855;2021-11-14;1666.68;9372
856;2021-11-14;4678.88;1073
857;2021-11-14;2069.46;8457
858;2021-11-14;1881.13;9223
859;2021-11-14;3740.2;8681
860;2021-11-15;1385.09;5888
861;2021-11-15;4504.0;2764
862;2021-11-15;3919.87;3464
863;2021-11-15;701.81;3302
864;2021-11-15;4165.53;7359
865;2021-11-15;4723.78;2179
866;2021-11-16;809.88;7548
867;2021-11-16;420.92;8348
868;2021-11-16;2612.1;3192
869;2021-11-16;3216.1;8982
870;2021-11-17;4415.15;6807
871;2021-11-17;2995.49;5611
872;2021-11-17;3802.57;6179
873;2021-11-18;753.5;4014
874;2021-11-18;1036.39;8416
875;2021-11-19;4048.07;5034
876;2021-11-19;1556.37;3908
877;2021-11-19;2260.3;550
878;2021-11-19;1356.7;2142
879;2021-11-20;2992.77;2860
880;2021-11-20;3809.47;1747
881;2021-11-20;1992.09;2625
882;2021-11-20;4484.47;5609
883;2021-11-20;248.9;5350
884;2021-11-20;4671.24;6713
885;2021-11-20;2752.19;752
886;2021-11-21;788.22;5235
887;2021-11-21;1502.41;8127
888;2021-11-21;4976.35;5193
889;2021-11-21;4185.15;4898
890;2021-11-21;4818.0;8235
891;2021-11-21;4864.92;2164
892;2021-11-22;4884.77;3689
893;2021-11-22;67.91;4155
894;2021-11-22;4875.62;92
895;2021-11-22;679.9;103
896;2021-11-23;1508.92;4854
897;2021-11-23;2128.17;7950
898;2021-11-24;3789.45;4067
899;2021-11-24;733.31;706
900;2021-11-24;1462.24;6567
901;2021-11-24;2111.33;907
902;2021-11-25;886.8;3196
903;2021-11-25;70.66;5834
904;2021-11-25;3562.59;1417
905;2021-11-26;2053.46;983
906;2021-11-26;2915.66;2143
907;2021-11-27;3256.69;5851
908;2021-11-27;2971.76;2544
909;2021-11-27;3243.45;3995
910;2021-11-28;4493.03;1316
911;2021-11-28;786.68;2659
912;2021-11-28;2770.11;2084
913;2021-11-28;1191.54;5044
914;2021-11-28;4040.73;5712
915;2021-11-29;1635.45;7858
916;2021-11-29;4736.58;4149
917;2021-11-29;855.51;3593
918;2021-11-30;1565.98;9893
919;2021-12-01;632.69;2160
920;2021-12-01;2863.54;2405
921;2021-12-01;2474.08;510
922;2021-12-01;124.63;1562
923;2021-12-01;1427.75;5886
924;2021-12-02;187.62;7030
925;2021-12-02;1468.35;272
926;2021-12-04;1691.27;530
927;2021-12-05;2758.98;4761
928;2021-12-05;2379.31;5334
929;2021-12-06;2996.32;4827
930;2021-12-07;606.83;1857
931;2021-12-07;1081.06;8862
932;2021-12-07;1861.45;2806
933;2021-12-07;3905.93;4787
934;2021-12-07;3632.98;564
935;2021-12-08;3621.49;6914
936;2021-12-08;2228.76;2865
937;2021-12-08;857.6;7687
938;2021-12-09;2342.41;7588
939;2021-12-09;4657.86;2133
940;2021-12-09;1185.1;7475
941;2021-12-10;153.89;4337
942;2021-12-11;3657.21;2933
943;2021-12-11;1229.32;7697
944;2021-12-11;3702.83;7207
945;2021-12-11;4905.05;735
946;2021-12-11;546.56;7846
947;2021-12-12;2077.26;3384
948;2021-12-13;374.03;9528
949;2021-12-13;741.49;427
950;2021-12-13;3218.46;3063
951;2021-12-14;663.27;6090
952;2021-12-15;624.61;1553
953;2021-12-15;2165.93;7384
954;2021-12-15;2051.11;7540
955;2021-12-16;4936.56;396
956;2021-12-16;4861.58;4392
957;2021-12-18;854.31;7419
958;2021-12-18;2878.75;8002
959;2021-12-18;4766.39;9098
960;2021-12-19;3094.74;3538
961;2021-12-19;3316.06;9073
962;2021-12-19;1101.68;7065
963;2021-12-19;464.4;9630
964;2021-12-20;1971.58;8212
965;2021-12-20;1922.19;3407
966;2021-12-21;1968.45;2673
967;2021-12-21;3607.18;3602
968;2021-12-21;4165.01;8574
969;2021-12-22;1680.14;6570
970;2021-12-22;973.16;2390
971;2021-12-22;3905.09;590
972;2021-12-23;2560.38;9286
973;2021-12-23;4034.2;3918
974;2021-12-23;2580.71;6214
975;2021-12-23;2269.29;6053
976;2021-12-23;4991.67;2017
977;2021-12-23;4770.09;5058
978;2021-12-24;3921.13;3955
979;2021-12-24;3209.94;8445
980;2021-12-24;4558.98;9603
981;2021-12-24;2903.62;3229
982;2021-12-24;4330.7;1667
983;2021-12-25;1162.62;6171
984;2021-12-25;3020.66;4264
985;2021-12-26;4678.72;3000
986;2021-12-26;47.37;2811
987;2021-12-26;4750.06;3798
988;2021-12-27;888.73;1782
989;2021-12-28;791.67;5953
990;2021-12-28;1631.32;9022
991;2021-12-28;2973.58;7892
992;2021-12-28;447.92;8583
993;2021-12-28;101.74;1172
994;2021-12-28;3583.73;1510
995;2021-12-29;4919.51;1907
996;2021-12-29;1205.24;129
997;2021-12-30;2325.25;8254
998;2021-12-31;2958.53;1615
999;2021-12-31;2045.8;4574
